computer_id,name,serial_kept,otherserial_cleared,fecha_backup
110,OGRH-010,MXL5152664,MXL5152664,2026-07-09T20:07:35.566663
134,OGRH-017,MXL32438Z5,MXL32438Z5,2026-07-09T20:07:35.566682
160,DESKTOP-6LL3U0B,5CD042H23X,5CD042H23X,2026-07-09T20:07:35.566685
162,DESKTOP-R5BLB3H,5CD012G2XF,5CD012G2XF,2026-07-09T20:07:35.566686
168,DESKTOP-O42AR6D,5CG0291MPR,5CG0291MPR,2026-07-09T20:07:35.566688
174,PCINIA,MXL5323HRF,MXL5323HRF,2026-07-09T20:07:35.566689
175,DESKTOP-3VEV7RP,MXL5323HPT,MXL5323HPT,2026-07-09T20:07:35.566690
176,INICIOMS,MXL5323F3Z,MXL5323F3Z,2026-07-09T20:07:35.566692
177,DESKTOP-1IFCHRS,MXL5370K7Y,MXL5370K7Y,2026-07-09T20:07:35.566693
178,TESORERIA,MXL5370KK7,MXL5370KK7,2026-07-09T20:07:35.566694
180,DESKTOP-4CNKDGN,MXL5323H1V,MXL5323H1V,2026-07-09T20:07:35.566695
181,EEACANAAN-001,MXL5362Q7F,MXL5362Q7F,2026-07-09T20:07:35.566697
182,DESKTOP-6BBL9TT,MXL5362QPM,MXL5362QPM,2026-07-09T20:07:35.566698
183,DESKTOP-BL4HETA,MXL5241PCB,MXL5241PCB,2026-07-09T20:07:35.566699
184,INICIOMS,MXL5510NQK,MXL5510NQK,2026-07-09T20:07:35.566701
185,PRODUC-01,MXL5362QPY,MXL5362QPY,2026-07-09T20:07:35.566702
187,DESKTOP-FM6MGFD,5CD9025BXT,5CD9025BXT,2026-07-09T20:07:35.566703
190,INICIOMS,MXL35113MM,MXL35113MM,2026-07-09T20:07:35.566704
193,DESKTOP-SG0RP85,MXL5323HR3,MXL5323HR3,2026-07-09T20:07:35.566706
196,DESKTOP-E42M5SO,MXL5370JW3,MXL5370JW3,2026-07-09T20:07:35.566707
198,DESKTOP-M1C55LF,5CG5306ZFB,5CG5306ZFB,2026-07-09T20:07:35.566708
201,INICIOMS,MXL5323F3M,MXL5323F3M,2026-07-09T20:07:35.566709
210,Investigacion,MXL5370JZM,MXL5370JZM,2026-07-09T20:07:35.566711
212,INICIOMS,MXL3243911,MXL3243911,2026-07-09T20:07:35.566712
214,RUBEN,MXL5362Q4B,MXL5362Q4B,2026-07-09T20:07:35.566713
217,Samuel-S,MXL5362L4P,MXL5362L4P,2026-07-09T20:07:35.566715
225,UACID-003,MXL5362F7R,MXL5362F7R,2026-07-09T20:07:35.566716
239,UACID-009,MXL5250ZV9,MXL5250ZV9,2026-07-09T20:07:35.566717
247,CELM-007,MXL5362QC4,MXL5362QC4,2026-07-09T20:07:35.566718
263,celm06,5CD012G2RT,5CD012G2RT,2026-07-09T20:07:35.566720
264,CELM-014,MXL5323GYR,MXL5323GYR,2026-07-09T20:07:35.566721
265,CELM-015,MXL5362L8X,MXL5362L8X,2026-07-09T20:07:35.566722
273,SDILTE-016,MXL8422331,MXL8422331,2026-07-09T20:07:35.566724
281,DESKTOP-FUVHI3L,5CG9362FFH,5CG9362FFH,2026-07-09T20:07:35.566725
287,DESKTOP-HBNKURA,5CD012G32L,5CD012G32L,2026-07-09T20:07:35.566726
299,UA-042,MXL3461QJQ,MXL3461QJQ,2026-07-09T20:07:35.566728
300,VISFLOR-003,MXL5510QWC,MXL5510QWC,2026-07-09T20:07:35.566729
304,VISFLOR-017,MXL5510QX6,MXL5510QX6,2026-07-09T20:07:35.566731
305,LTP_001,5CD6060CXS,5CD6060CXS,2026-07-09T20:07:35.566733
311,DESKTOP-7IFAMAN,MXL424144B,MXL424144B,2026-07-09T20:07:35.566734
319,EEAVF-LABSAF01,MXL60219Z6,MXL60219Z6,2026-07-09T20:07:35.566735
320,EEAVF-LABSAF02,MXL5510NCS,MXL5510NCS,2026-07-09T20:07:35.566737
323,DESKTOP-TV7VH46,MXL5250ZV1,MXL5250ZV1,2026-07-09T20:07:35.566738
326,DESKTOP-TV7VH46,MXL4371DJ8,MXL4371DJ8,2026-07-09T20:07:35.566739
340,DESKTOP-F79EFMU,8CG92524NN,8CG92524NN,2026-07-09T20:07:35.566740
341,LOGISTICA2,MXL332234K,MXL332234K,2026-07-09T20:07:35.566742
353,VISFLOR-009,MXL4241448,MXL4241448,2026-07-09T20:07:35.566743
357,Personal_reloj,MXL6021216,MXL6021216,2026-07-09T20:07:35.566744
359,DESKTOP-7S41JLO,5CD6060CX5,5CD6060CX5,2026-07-09T20:07:35.566745
360,DESKTOP-4G7EVFT,5CD012G2TC,5CD012G2TC,2026-07-09T20:07:35.566747
363,DESKTOP-MSR44K7,MXL6021B36,MXL6021B36,2026-07-09T20:07:35.566748
366,UA-VGL004,MXL5323GY8,MXL5323GY8,2026-07-09T20:07:35.566749
388,UI04,MXL5323H1S,MXL5323H1S,2026-07-09T20:07:35.566751
389,siafserver,MXL4502G7C,MXL4502G7C,2026-07-09T20:07:35.566752
392,OPP-006,5CD6060CWJ,5CD6060CWJ,2026-07-09T20:07:35.566753
401,DESKTOP-FN254AI,MXL4251SSQ,MXL4251SSQ,2026-07-09T20:07:35.566754
407,CELM-016,MXL5362PDV,MXL5362PDV,2026-07-09T20:07:35.566756
413,UTI-002,MXL3510X0N,MXL3510X0N,2026-07-09T20:07:35.566757
425,DESKTOP-TAGR4JK,8CG92523HC,8CG92523HC,2026-07-09T20:07:35.566758
440,UPM-011,5CD9300946,5CD9300946,2026-07-09T20:07:35.566759
500,OGRH-030,5CD6115L1Z,5CD6115L1Z,2026-07-09T20:07:35.566761
507,VISFLOR-007,MXL4260RZ1,MXL4260RZ1,2026-07-09T20:07:35.566762
508,SOA02,MXL5241PC8,MXL5241PC8,2026-07-09T20:07:35.566763
531,SDSYM-004,MXL4461KC3,MXL4461KC3,2026-07-09T20:07:35.566764
555,SDEA-011,MXL5323DWP,MXL5323DWP,2026-07-09T20:07:35.566766
567,SDNIA-011,8CG92523VS,8CG92523VS,2026-07-09T20:07:35.566767
589,SDNIA-027,5CD012G2RV,5CD012G2RV,2026-07-09T20:07:35.566769
606,DSME021,MXL450271L,MXL450271L,2026-07-09T20:07:35.566770
617,SDPIA-009,5CD012G2SD,5CD012G2SD,2026-07-09T20:07:35.566771
646,SDPIA-033,8CG92523MG,8CG92523MG,2026-07-09T20:07:35.566772
648,DGIA-002,8CG92523P1,8CG92523P1,2026-07-09T20:07:35.566773
681,SDILTE-021,MXL5323F3K,MXL5323F3K,2026-07-09T20:07:35.566775
685,SDILTE-026,MXL9022PFV,MXL9022PFV,2026-07-09T20:07:35.566776
728,DIDET-035,8CG92523T9,8CG92523T9,2026-07-09T20:07:35.566778
737,SDPA-018,5CD012G2V5,5CD012G2V5,2026-07-09T20:07:35.566780
741,DIDET-050,5CD012G2SJ,5CD012G2SJ,2026-07-09T20:07:35.566781
760,DRGB09,MXL5362Q4H,MXL5362Q4H,2026-07-09T20:07:35.566783
780,SDRG-034,8CG92523MS,8CG92523MS,2026-07-09T20:07:35.566784
781,SDB-001,8CC84137GL,8CC84137GL,2026-07-09T20:07:35.566785
787,SDRG-028,MXL5323GYP,MXL5323GYP,2026-07-09T20:07:35.566786
792,SDB-017,8CC6100M5T,8CC6100M5T,2026-07-09T20:07:35.566788
796,SDB-019,8CC9221XQ5,8CC9221XQ5,2026-07-09T20:07:35.566789
802,SDB-026,MXL5323DXJ,MXL5323DXJ,2026-07-09T20:07:35.566790
808,SDB-004,5CD012G2TZ,5CD012G2TZ,2026-07-09T20:07:35.566791
820,LECOLEC-HMVN1S4,MXL5283ZXZ,MXL5283ZXZ,2026-07-09T20:07:35.566793
823,DSEA-065,MXL7362P15,MXL7362P15,2026-07-09T20:07:35.566794
832,SDRG-021,5CD012G2Q9,5CD012G2Q9,2026-07-09T20:07:35.566795
842,DESKTOP-Q6GUAS5,MXL33022FM,MXL33022FM,2026-07-09T20:07:35.566796
844,SantaAna-009,MXL5323H2H,MXL5323H2H,2026-07-09T20:07:35.566798
866,PICHANAKI-003,MXL5370KFD,MXL5370KFD,2026-07-09T20:07:35.566799
868,PCHNK-ADM002,MXL5362PH6,MXL5362PH6,2026-07-09T20:07:35.566800
869,PICHANAKI-002,MXL35113YJ,MXL35113YJ,2026-07-09T20:07:35.566801
871,SDB-014,MXL5250ZV7,MXL5250ZV7,2026-07-09T20:07:35.566803
881,PCHK-LABSAF007,MXL5394G7C,MXL5394G7C,2026-07-09T20:07:35.566804
901,PORVENIR-002,MXL4461MC8,MXL4461MC8,2026-07-09T20:07:35.566805
907,BANINCA-004,5CG62510GN,5CG62510GN,2026-07-09T20:07:35.566807
912,PORVENIR-005,MXL32438YV,MXL32438YV,2026-07-09T20:07:35.566808
921,DESKTOP-B5SJ4P4,MXL5510N5B,MXL5510N5B,2026-07-09T20:07:35.566809
922,EEA-DONOSO-14,MXL5323GYB,MXL5323GYB,2026-07-09T20:07:35.566810
923,EEACANCHAN-001,5CD012G2RW,5CD012G2RW,2026-07-09T20:07:35.566812
935,EEADONOSO-007,MXL5323HPV,MXL5323HPV,2026-07-09T20:07:35.566813
943,ILLPA-006,8CC91747TS,8CC91747TS,2026-07-09T20:07:35.566814
945,PUCALLPA-003,MXL5370JY8,MXL5370JY8,2026-07-09T20:07:35.566815
958,PORVENIR-011,5CD6060CYV,5CD6060CYV,2026-07-09T20:07:35.566817
959,EEASANTAANA-012,MXL5510NR0,MXL5510NR0,2026-07-09T20:07:35.566818
